{"cameraMode":{"drawMode":0,"name":"Shaded","section":"Shading Mode"},"sceneLighting":true,"audioPlay":false,"sceneViewState":{"showFog":true,"showMaterialUpdate":false,"showSkybox":true,"showFlares":true,"showImageEffects":true,"showParticleSystems":true},"in2DMode":false,"pivot":{"x":2.0595154762268068,"y":11.951330184936524,"z":-17.566791534423829},"rotation":{"x":0.33536016941070559,"y":-0.007911726832389832,"z":0.00281649362295866,"w":0.942052960395813},"size":2.2866053581237795,"orthographic":false}